Date,Anomaly,Region
185001,-2.38,asia
185002,-0.59,asia
185003,0.62,asia
185004,-1.63,asia
185005,-1.43,asia
185006,-0.91,asia
185007,-0.35,asia
185008,-0.14,asia
185009,-0.75,asia
185010,-2.19,asia
185011,-1.63,asia
185012,0.23,asia
185101,-1.29,asia
185102,-0.53,asia
185103,-2.49,asia
185104,-2.5,asia
185105,-1.11,asia
185106,-0.54,asia
185107,-0.1,asia
185108,-0.09,asia
185109,-0.71,asia
185110,-0.47,asia
185111,-1.36,asia
185112,0.05,asia
185201,-0.3,asia
185202,-1.53,asia
185203,-1.68,asia
185204,-1.23,asia
185205,-0.67,asia
185206,-0.42,asia
185207,-0.32,asia
185208,-0.83,asia
185209,-0.67,asia
185210,-0.82,asia
185211,-1.25,asia
185212,0.87,asia
185301,-1.44,asia
185302,-2.13,asia
185303,-1.34,asia
185304,-2.03,asia
185305,-0.69,asia
185306,-0.39,asia
185307,0.1,asia
185308,-0.11,asia
185309,-0.34,asia
185310,-0.85,asia
185311,-0.83,asia
185312,-0.56,asia
185401,-1.51,asia
185402,-0.71,asia
185403,0.22,asia
185404,-0.35,asia
185405,-0.45,asia
185406,-0.52,asia
185407,-0.01,asia
185408,0.13,asia
185409,-0.28,asia
185410,0.53,asia
185411,0.23,asia
185412,0.86,asia
185501,-0.12,asia
185502,0.61,asia
185503,-0.12,asia
185504,0.33,asia
185505,-0.48,asia
185506,-0.42,asia
185507,-0.78,asia
185508,-0.29,asia
185509,-0.54,asia
185510,-0.74,asia
185511,-1.64,asia
185512,-0.94,asia
185601,0.62,asia
185602,-1.29,asia
185603,-0.84,asia
185604,-1.12,asia
185605,-0.95,asia
185606,-0.53,asia
185607,-0.02,asia
185608,-0.88,asia
185609,-0.91,asia
185610,-1.14,asia
185611,0.02,asia
185612,1.58,asia
185701,0.31,asia
185702,-1.62,asia
185703,-0.93,asia
185704,-1.57,asia
185705,-1.46,asia
185706,-0.82,asia
185707,-0.49,asia
185708,-0.45,asia
185709,-1,asia
185710,-1.27,asia
185711,-0.81,asia
185712,0.73,asia
185801,-0.05,asia
185802,-0.29,asia
185803,-0.75,asia
185804,-0.15,asia
185805,-0.67,asia
185806,-0.77,asia
185807,-0.17,asia
185808,-0.77,asia
185809,-0.99,asia
185810,-0.63,asia
185811,-0.4,asia
185812,-0.57,asia
185901,-0.35,asia
185902,-0.53,asia
185903,-0.28,asia
185904,0.35,asia
185905,-0.27,asia
185906,-0.02,asia
185907,-0.46,asia
185908,-0.38,asia
185909,-0.71,asia
185910,-0.79,asia
185911,0.46,asia
185912,0.87,asia
186001,-1.81,asia
186002,-1.33,asia
186003,-3.22,asia
186004,-1.27,asia
186005,-0.87,asia
186006,-0.26,asia
186007,-0.29,asia
186008,-0.33,asia
186009,-0.36,asia
186010,-0.87,asia
186011,-1.33,asia
186012,-2.69,asia
186101,-2.76,asia
186102,-2.43,asia
186103,-0.6,asia
186104,-0.8,asia
186105,-0.55,asia
186106,-0.52,asia
186107,-0.16,asia
186108,-0.15,asia
186109,-0.81,asia
186110,-1.47,asia
186111,-0.27,asia
186112,-0.72,asia
186201,-2.35,asia
186202,-1.96,asia
186203,-1.81,asia
186204,-1.58,asia
186205,-1.25,asia
186206,-0.79,asia
186207,-0.59,asia
186208,-0.61,asia
186209,-0.69,asia
186210,-1.26,asia
186211,-1.2,asia
186212,-2.89,asia
186301,-0.25,asia
186302,-0.11,asia
186303,-0.34,asia
186304,-0.03,asia
186305,-0.66,asia
186306,-0.49,asia
186307,-0.54,asia
186308,-0.4,asia
186309,-1.01,asia
186310,-0.92,asia
186311,0.02,asia
186312,0.25,asia
186401,-1.68,asia
186402,-1.64,asia
186403,-1.21,asia
186404,-0.68,asia
186405,-0.64,asia
186406,-0.25,asia
186407,-0.33,asia
186408,-0.6,asia
186409,-0.98,asia
186410,-0.8,asia
186411,-1.29,asia
186412,-2.39,asia
186501,1.46,asia
186502,-1.59,asia
186503,-1.38,asia
186504,-1.21,asia
186505,-0.65,asia
186506,-0.31,asia
186507,-0.02,asia
186508,-0.34,asia
186509,-0.09,asia
186510,-0.3,asia
186511,-0.02,asia
186512,-0.2,asia
186601,1.2,asia
186602,-0.33,asia
186603,-1.13,asia
186604,-1.25,asia
186605,-0.61,asia
186606,-0.84,asia
186607,-0.06,asia
186608,-0.38,asia
186609,0.08,asia
186610,-0.87,asia
186611,0.45,asia
186612,1.72,asia
186701,-0.4,asia
186702,-1.17,asia
186703,-0.3,asia
186704,-1.02,asia
186705,-1.4,asia
186706,-0.49,asia
186707,-0.27,asia
186708,-0.51,asia
186709,-0.39,asia
186710,-0.63,asia
186711,1.24,asia
186712,1.34,asia
186801,-0.63,asia
186802,-0.22,asia
186803,-0.71,asia
186804,0.04,asia
186805,-0.35,asia
186806,-0.54,asia
186807,-0.21,asia
186808,-0.3,asia
186809,-0.28,asia
186810,-0.41,asia
186811,-1.35,asia
186812,-0.2,asia
186901,-0.49,asia
186902,1.43,asia
186903,-0.92,asia
186904,-0.71,asia
186905,-0.51,asia
186906,-0.38,asia
186907,-0.15,asia
186908,0.09,asia
186909,0.06,asia
186910,-0.51,asia
186911,0.69,asia
186912,-1.32,asia
187001,-2.45,asia
187002,-2.35,asia
187003,-0.16,asia
187004,-0.87,asia
187005,-0.57,asia
187006,0.19,asia
187007,-0.05,asia
187008,-0.56,asia
187009,-0.12,asia
187010,-1.17,asia
187011,-1.82,asia
187012,-2.63,asia
187101,-2.18,asia
187102,-2.56,asia
187103,0.17,asia
187104,-0.49,asia
187105,-0.8,asia
187106,-0.36,asia
187107,-0.13,asia
187108,-0.08,asia
187109,-0.4,asia
187110,-0.76,asia
187111,-1.12,asia
187112,-0.61,asia
187201,-2.76,asia
187202,-2.72,asia
187203,-0.26,asia
187204,-1.27,asia
187205,-0.24,asia
187206,-0.9,asia
187207,-0.02,asia
187208,-0.01,asia
187209,-0.38,asia
187210,-0.59,asia
187211,-0.71,asia
187212,-0.95,asia
187301,-1.2,asia
187302,-0.09,asia
187303,-1.23,asia
187304,-1.26,asia
187305,-0.57,asia
187306,-0.28,asia
187307,-0.19,asia
187308,-0.33,asia
187309,-0.74,asia
187310,-0.03,asia
187311,0.35,asia
187312,0.2,asia
187401,0.43,asia
187402,-0.2,asia
187403,-0.9,asia
187404,-0.43,asia
187405,0.21,asia
187406,0.09,asia
187407,-0.39,asia
187408,-0.19,asia
187409,0.15,asia
187410,-0.9,asia
187411,-0.11,asia
187412,0.15,asia
187501,0.08,asia
187502,-0.17,asia
187503,0.48,asia
187504,0.11,asia
187505,-0.11,asia
187506,0.17,asia
187507,0.11,asia
187508,-0.49,asia
187509,-1.06,asia
187510,-1.29,asia
187511,-1.26,asia
187512,-1.94,asia
187601,-0.35,asia
187602,-0.9,asia
187603,0.36,asia
187604,-0.64,asia
187605,-0.84,asia
187606,0.13,asia
187607,-0.37,asia
187608,-0.35,asia
187609,-1,asia
187610,-0.17,asia
187611,-0.06,asia
187612,-1.62,asia
187701,0.04,asia
187702,-1.21,asia
187703,0.86,asia
187704,-0.97,asia
187705,-0.26,asia
187706,-0.13,asia
187707,0.23,asia
187708,0.03,asia
187709,-0.35,asia
187710,-0.04,asia
187711,0.43,asia
187712,-1.68,asia
187801,-1.61,asia
187802,-0.34,asia
187803,1.24,asia
187804,-0.69,asia
187805,-0.57,asia
187806,0.1,asia
187807,0.47,asia
187808,0.07,asia
187809,0.26,asia
187810,-0.12,asia
187811,-1.2,asia
187812,-0.43,asia
187901,-0.4,asia
187902,-0.45,asia
187903,0.14,asia
187904,-0.94,asia
187905,-0.16,asia
187906,0.07,asia
187907,0.59,asia
187908,-0.32,asia
187909,-0.35,asia
187910,-0.06,asia
187911,-0.84,asia
187912,-0.41,asia
188001,-1.73,asia
188002,-2.18,asia
188003,0.13,asia
188004,-1.04,asia
188005,0.12,asia
188006,0.1,asia
188007,-0.59,asia
188008,0.21,asia
188009,-0.57,asia
188010,-1.04,asia
188011,0.57,asia
188012,0.75,asia
188101,0.47,asia
188102,-0.38,asia
188103,-0.56,asia
188104,0.24,asia
188105,-0.14,asia
188106,-1.15,asia
188107,-0.05,asia
188108,-0.25,asia
188109,-0.79,asia
188110,-0.67,asia
188111,-0.77,asia
188112,-1.04,asia
188201,0.75,asia
188202,-0.01,asia
188203,0.04,asia
188204,-0.68,asia
188205,0.07,asia
188206,-0.68,asia
188207,-0.58,asia
188208,-0.25,asia
188209,-0.37,asia
188210,-2.08,asia
188211,-1.32,asia
188212,-2.18,asia
188301,-1.11,asia
188302,-1.54,asia
188303,0.26,asia
188304,-0.73,asia
188305,0.03,asia
188306,-0.12,asia
188307,-0.17,asia
188308,-0.32,asia
188309,-0.88,asia
188310,-0.45,asia
188311,-1.61,asia
188312,0.31,asia
188401,0.48,asia
188402,-0.71,asia
188403,-2.38,asia
188404,-2.07,asia
188405,-1.06,asia
188406,-0.82,asia
188407,-0.48,asia
188408,-1.24,asia
188409,-1.26,asia
188410,-0.84,asia
188411,-1.3,asia
188412,0.22,asia
188501,-2.1,asia
188502,-1.57,asia
188503,-0.26,asia
188504,-1.66,asia
188505,-1.04,asia
188506,-0.32,asia
188507,-0.41,asia
188508,-0.63,asia
188509,-0.78,asia
188510,-1,asia
188511,-1.44,asia
188512,0.08,asia
188601,-0.18,asia
188602,-2.11,asia
188603,-1.41,asia
188604,-0.7,asia
188605,-0.66,asia
188606,-0.94,asia
188607,-0.15,asia
188608,-0.6,asia
188609,-0.33,asia
188610,-1.16,asia
188611,-0.84,asia
188612,1.31,asia
188701,-2.23,asia
188702,-0.17,asia
188703,-0.3,asia
188704,-0.03,asia
188705,-0.43,asia
188706,-0.44,asia
188707,0.03,asia
188708,-0.93,asia
188709,0.01,asia
188710,-0.49,asia
188711,-0.25,asia
188712,-0.36,asia
188801,0.18,asia
188802,-1.85,asia
188803,-0.52,asia
188804,-0.48,asia
188805,-0.56,asia
188806,-0.24,asia
188807,0.14,asia
188808,-0.14,asia
188809,-0.64,asia
188810,-0.06,asia
188811,-0.12,asia
188812,-1.24,asia
188901,-2.14,asia
188902,1.12,asia
188903,-0.47,asia
188904,-0.04,asia
188905,-0.45,asia
188906,0.06,asia
188907,-0.09,asia
188908,-0.09,asia
188909,-0.29,asia
188910,-1.56,asia
188911,-1.7,asia
188912,-1.32,asia
189001,-1,asia
189002,-0.75,asia
189003,-1.14,asia
189004,-0.2,asia
189005,-0.93,asia
189006,-0.18,asia
189007,-0.17,asia
189008,-0.45,asia
189009,-0.31,asia
189010,0.13,asia
189011,-2.11,asia
189012,-1.41,asia
189101,-1.41,asia
189102,-1.02,asia
189103,0.04,asia
189104,-1.29,asia
189105,-0.48,asia
189106,-0.37,asia
189107,-0.43,asia
189108,-0.38,asia
189109,-0.58,asia
189110,-0.84,asia
189111,-1.58,asia
189112,-0.4,asia
189201,-0.91,asia
189202,-0.78,asia
189203,-1.96,asia
189204,-0.99,asia
189205,-0.07,asia
189206,0.2,asia
189207,-0.25,asia
189208,-0.46,asia
189209,-0.3,asia
189210,-0.43,asia
189211,-1.63,asia
189212,-1.01,asia
189301,-3.18,asia
189302,-2.09,asia
189303,0.28,asia
189304,0.56,asia
189305,-0.53,asia
189306,0.13,asia
189307,0.17,asia
189308,-0.5,asia
189309,-0.28,asia
189310,-0.4,asia
189311,-0.06,asia
189312,-1.05,asia
189401,-1.31,asia
189402,0.94,asia
189403,0.07,asia
189404,-0.84,asia
189405,-0.03,asia
189406,-0.55,asia
189407,-0.15,asia
189408,-0.03,asia
189409,-0.39,asia
189410,-0.82,asia
189411,-0.99,asia
189412,-1.01,asia
189501,-2.52,asia
189502,-1.88,asia
189503,-0.34,asia
189504,-0.74,asia
189505,-0.84,asia
189506,-0.43,asia
189507,-0.07,asia
189508,-0.38,asia
189509,-0.1,asia
189510,-0.15,asia
189511,-0.26,asia
189512,-0.58,asia
189601,0.1,asia
189602,-0.49,asia
189603,-1.05,asia
189604,-1.76,asia
189605,-0.45,asia
189606,0.15,asia
189607,-0.34,asia
189608,-0.1,asia
189609,-0.18,asia
189610,0.28,asia
189611,-0.3,asia
189612,-1.42,asia
189701,-1.38,asia
189702,-1.02,asia
189703,-1.29,asia
189704,-0.22,asia
189705,0.18,asia
189706,-0.35,asia
189707,0.24,asia
189708,-0.07,asia
189709,0.09,asia
189710,-0.33,asia
189711,-0.08,asia
189712,-0.71,asia
189801,0.16,asia
189802,-0.81,asia
189803,-3.35,asia
189804,-1.38,asia
189805,-0.62,asia
189806,-0.43,asia
189807,-0.04,asia
189808,-0.12,asia
189809,-0.26,asia
189810,-0.96,asia
189811,-0.64,asia
189812,0.35,asia
189901,0.07,asia
189902,-0.07,asia
189903,0.44,asia
189904,-0.33,asia
189905,-0.17,asia
189906,-0.3,asia
189907,-0.3,asia
189908,-0.11,asia
189909,0.06,asia
189910,0.2,asia
189911,0.07,asia
189912,-1.02,asia
190001,-3.48,asia
190002,-1.07,asia
190003,0.35,asia
190004,-0.72,asia
190005,0.19,asia
190006,-0.47,asia
190007,-0.18,asia
190008,0.08,asia
190009,-0.1,asia
190010,0.01,asia
190011,-0.11,asia
190012,-0.09,asia
190101,-1.04,asia
190102,0.04,asia
190103,1.35,asia
190104,0.41,asia
190105,-0.18,asia
190106,0.1,asia
190107,-0.27,asia
190108,-0.17,asia
190109,-0.46,asia
190110,-1.41,asia
190111,0.49,asia
190112,-0.74,asia
190201,0.26,asia
190202,0.35,asia
190203,-0.35,asia
190204,-1.54,asia
190205,-0.78,asia
190206,-0.2,asia
190207,-0.43,asia
190208,-0.25,asia
190209,-0.34,asia
190210,-1.16,asia
190211,-1.74,asia
190212,-1.03,asia
190301,-0.31,asia
190302,1.45,asia
190303,-0.68,asia
190304,-0.99,asia
190305,-0.62,asia
190306,-0.65,asia
190307,-0.1,asia
190308,-0.35,asia
190309,-0.39,asia
190310,-1.15,asia
190311,-0.22,asia
190312,-1.67,asia
190401,-0.65,asia
190402,0.05,asia
190403,-0.3,asia
190404,-1.08,asia
190405,-0.46,asia
190406,-0.52,asia
190407,-0.52,asia
190408,-0.23,asia
190409,-0.81,asia
190410,-0.74,asia
190411,0.72,asia
190412,0.16,asia
190501,0.74,asia
190502,-1.73,asia
190503,-1.89,asia
190504,-1.8,asia
190505,-0.49,asia
190506,-0.54,asia
190507,-0.2,asia
190508,-0.41,asia
190509,-0.39,asia
190510,0.19,asia
190511,0.16,asia
190512,-0.34,asia
190601,-1.86,asia
190602,-1.53,asia
190603,0.29,asia
190604,0.64,asia
190605,0.06,asia
190606,0.36,asia
190607,-0.32,asia
190608,0.2,asia
190609,-0.32,asia
190610,0.1,asia
190611,-0.88,asia
190612,1.39,asia
190701,-0.31,asia
190702,-0.95,asia
190703,-0.3,asia
190704,-0.22,asia
190705,-0.76,asia
190706,-0.8,asia
190707,-0.59,asia
190708,-0.25,asia
190709,-0.17,asia
190710,-0.1,asia
190711,-1.47,asia
190712,-1.88,asia
190801,-1.43,asia
190802,-0.15,asia
190803,-1.83,asia
190804,-0.71,asia
190805,-0.26,asia
190806,0.25,asia
190807,-0.41,asia
190808,-0.22,asia
190809,-0.05,asia
190810,-0.66,asia
190811,-1.14,asia
190812,-0.99,asia
190901,-1.61,asia
190902,-0.08,asia
190903,-1.83,asia
190904,-0.3,asia
190905,-0.62,asia
190906,-0.74,asia
190907,0,asia
190908,0.09,asia
190909,-0.1,asia
190910,-0.27,asia
190911,0.63,asia
190912,0.19,asia
191001,-0.03,asia
191002,0.44,asia
191003,-1.34,asia
191004,-0.49,asia
191005,-0.17,asia
191006,-0.62,asia
191007,0.07,asia
191008,0.03,asia
191009,-0.5,asia
191010,-0.63,asia
191011,-1.09,asia
191012,-1.83,asia
191101,-1.19,asia
191102,-0.6,asia
191103,-1.66,asia
191104,0.18,asia
191105,-0.8,asia
191106,-0.31,asia
191107,-0.16,asia
191108,-0.3,asia
191109,-0.67,asia
191110,-0.55,asia
191111,0.5,asia
191112,-1.01,asia
191201,0.08,asia
191202,-0.4,asia
191203,-1.79,asia
191204,-0.12,asia
191205,-0.24,asia
191206,0.37,asia
191207,-0.83,asia
191208,-1.16,asia
191209,-1.19,asia
191210,-2.42,asia
191211,-0.92,asia
191212,-1.1,asia
191301,-0.39,asia
191302,-1.29,asia
191303,-0.44,asia
191304,-0.97,asia
191305,-0.58,asia
191306,-0.72,asia
191307,-0.6,asia
191308,-0.28,asia
191309,-0.22,asia
191310,-0.46,asia
191311,-0.17,asia
191312,1.07,asia
191401,1.33,asia
191402,1.7,asia
191403,-0.52,asia
191404,-0.58,asia
191405,-0.29,asia
191406,0.04,asia
191407,-0.34,asia
191408,-0.04,asia
191409,-0.02,asia
191410,-0.32,asia
191411,-0.5,asia
191412,0.49,asia
191501,-1.1,asia
191502,-0.57,asia
191503,-0.1,asia
191504,-0.21,asia
191505,0.69,asia
191506,0.21,asia
191507,0.05,asia
191508,-0.38,asia
191509,-0.34,asia
191510,-1.2,asia
191511,0.19,asia
191512,-0.56,asia
191601,0.55,asia
191602,-0.52,asia
191603,-1,asia
191604,-0.38,asia
191605,-0.5,asia
191606,-0.53,asia
191607,-0.29,asia
191608,-0.11,asia
191609,-0.39,asia
191610,-0.09,asia
191611,-1.08,asia
191612,-2.39,asia
191701,-0.49,asia
191702,-0.37,asia
191703,-1.11,asia
191704,-0.17,asia
191705,-0.17,asia
191706,-0.19,asia
191707,-0.06,asia
191708,-0.27,asia
191709,0.01,asia
191710,-0.52,asia
191711,-0.23,asia
191712,-0.85,asia
191801,0.02,asia
191802,-0.29,asia
191803,-0.07,asia
191804,-0.79,asia
191805,-0.95,asia
191806,-0.43,asia
191807,-0.34,asia
191808,-0.3,asia
191809,0.01,asia
191810,0.02,asia
191811,-0.58,asia
191812,-2.38,asia
191901,-2.3,asia
191902,-1.08,asia
191903,-1.01,asia
191904,0.28,asia
191905,-0.5,asia
191906,-0.5,asia
191907,-0.07,asia
191908,0.21,asia
191909,-0.08,asia
191910,0.64,asia
191911,-0.27,asia
191912,-0.57,asia
192001,1.21,asia
192002,-1.26,asia
192003,1.01,asia
192004,0.43,asia
192005,0.25,asia
192006,-0.05,asia
192007,-0.07,asia
192008,0.06,asia
192009,-0.42,asia
192010,-0.76,asia
192011,-0.55,asia
192012,-2.05,asia
192101,0.93,asia
192102,0.22,asia
192103,-0.04,asia
192104,0.03,asia
192105,-0.39,asia
192106,0.23,asia
192107,0.19,asia
192108,-0.15,asia
192109,-0.16,asia
192110,-0.25,asia
192111,0.13,asia
192112,-0.55,asia
192201,-0.94,asia
192202,-1.12,asia
192203,0.37,asia
192204,0.04,asia
192205,-0.02,asia
192206,0.09,asia
192207,0.13,asia
192208,-0.1,asia
192209,-0.57,asia
192210,-0.43,asia
192211,-0.15,asia
192212,1.01,asia
192301,-0.27,asia
192302,-0.59,asia
192303,0.19,asia
192304,-1.12,asia
192305,-0.79,asia
192306,0.1,asia
192307,-0.32,asia
192308,0.19,asia
192309,-0.08,asia
192310,0.28,asia
192311,-0.12,asia
192312,0.31,asia
192401,-0.26,asia
192402,-0.75,asia
192403,-0.18,asia
192404,-0.22,asia
192405,-0.26,asia
192406,-0.26,asia
192407,0.07,asia
192408,0.09,asia
192409,0.22,asia
192410,-0.33,asia
192411,1.07,asia
192412,0.83,asia
192501,1.03,asia
192502,-0.9,asia
192503,-0.05,asia
192504,-0.44,asia
192505,-0.56,asia
192506,-0.56,asia
192507,-0.51,asia
192508,-0.17,asia
192509,0.19,asia
192510,0.72,asia
192511,0.65,asia
192512,0.83,asia
192601,1.18,asia
192602,-0.03,asia
192603,1.59,asia
192604,-0.66,asia
192605,-0.92,asia
192606,-0.41,asia
192607,-0.54,asia
192608,0.19,asia
192609,-0.01,asia
192610,0.13,asia
192611,0.3,asia
192612,-0.45,asia
192701,-1.75,asia
192702,-0.54,asia
192703,-1.86,asia
192704,-0.3,asia
192705,0.1,asia
192706,-0.02,asia
192707,-0.01,asia
192708,-0.08,asia
192709,0.51,asia
192710,0.65,asia
192711,0.16,asia
192712,-0.48,asia
192801,-0.43,asia
192802,0.13,asia
192803,-1.11,asia
192804,-0.32,asia
192805,-0.14,asia
192806,-0.31,asia
192807,-0.18,asia
192808,-0.02,asia
192809,-0.14,asia
192810,-0.09,asia
192811,-0.15,asia
192812,-0.2,asia
192901,-1.93,asia
192902,-2.11,asia
192903,0.16,asia
192904,-0.14,asia
192905,-0.37,asia
192906,-0.5,asia
192907,-0.37,asia
192908,-0.23,asia
192909,-0.34,asia
192910,0,asia
192911,0.11,asia
192912,-2.61,asia
193001,-0.43,asia
193002,-0.98,asia
193003,0.96,asia
193004,-0.83,asia
193005,-0.21,asia
193006,-0.35,asia
193007,-0.01,asia
193008,0.18,asia
193009,-0.51,asia
193010,-0.14,asia
193011,0.78,asia
193012,-1.08,asia
193101,-1.61,asia
193102,-2.96,asia
193103,0.04,asia
193104,-1,asia
193105,-0.66,asia
193106,0.15,asia
193107,0.18,asia
193108,0.42,asia
193109,0.55,asia
193110,0.95,asia
193111,0.18,asia
193112,0.08,asia
193201,2.1,asia
193202,-0.2,asia
193203,-0.15,asia
193204,0.62,asia
193205,-0.37,asia
193206,-0.08,asia
193207,0.23,asia
193208,-0.04,asia
193209,0.67,asia
193210,0.73,asia
193211,-0.23,asia
193212,-0.32,asia
193301,-1.55,asia
193302,-1.53,asia
193303,-1.36,asia
193304,-0.39,asia
193305,-0.66,asia
193306,-0.67,asia
193307,-0.02,asia
193308,-0.04,asia
193309,-0.49,asia
193310,-0.12,asia
193311,-0.05,asia
193312,-0.3,asia
193401,-0.61,asia
193402,2.01,asia
193403,-0.87,asia
193404,-1.5,asia
193405,0.17,asia
193406,-0.25,asia
193407,-0.27,asia
193408,-0.16,asia
193409,-0.76,asia
193410,-0.07,asia
193411,0.24,asia
193412,0.49,asia
193501,-0.77,asia
193502,2.25,asia
193503,0.33,asia
193504,-1.16,asia
193505,-0.16,asia
193506,-0.18,asia
193507,-0.16,asia
193508,0.34,asia
193509,0.12,asia
193510,0.44,asia
193511,-1.35,asia
193512,-1.21,asia
193601,-1.47,asia
193602,-0.63,asia
193603,-1.47,asia
193604,-0.37,asia
193605,-0.21,asia
193606,-0.19,asia
193607,0.14,asia
193608,-0.16,asia
193609,0.28,asia
193610,0.8,asia
193611,0.36,asia
193612,1.13,asia
193701,-0.01,asia
193702,0.75,asia
193703,-1.71,asia
193704,-0.89,asia
193705,-0.02,asia
193706,0.06,asia
193707,0.03,asia
193708,-0.06,asia
193709,0.47,asia
193710,0.63,asia
193711,-0.22,asia
193712,-0.67,asia
193801,0.25,asia
193802,0.51,asia
193803,0.53,asia
193804,1.59,asia
193805,0.33,asia
193806,-0.37,asia
193807,0.17,asia
193808,0.33,asia
193809,0.26,asia
193810,0.02,asia
193811,0.99,asia
193812,-1.53,asia
193901,-0.71,asia
193902,1.41,asia
193903,-0.05,asia
193904,-0.36,asia
193905,0.08,asia
193906,0.45,asia
193907,0.05,asia
193908,0.19,asia
193909,0,asia
193910,-0.1,asia
193911,0.45,asia
193912,1.89,asia
194001,-1.35,asia
194002,0.2,asia
194003,0.1,asia
194004,0.65,asia
194005,-0.41,asia
194006,0.18,asia
194007,0.25,asia
194008,0,asia
194009,0,asia
194010,-0.38,asia
194011,0.55,asia
194012,0.47,asia
194101,-0.26,asia
194102,-0.38,asia
194103,-0.3,asia
194104,-0.48,asia
194105,0.03,asia
194106,0.35,asia
194107,0,asia
194108,0.16,asia
194109,0.01,asia
194110,0.7,asia
194111,-0.54,asia
194112,-0.68,asia
194201,0.39,asia
194202,-1.26,asia
194203,-0.64,asia
194204,-0.65,asia
194205,-0.22,asia
194206,0.4,asia
194207,0.12,asia
194208,-0.29,asia
194209,0.14,asia
194210,0.17,asia
194211,0.73,asia
194212,1,asia
194301,-0.57,asia
194302,0.54,asia
194303,0.6,asia
194304,0.87,asia
194305,1.08,asia
194306,-0.34,asia
194307,-0.02,asia
194308,0.14,asia
194309,0.28,asia
194310,0.51,asia
194311,-0.14,asia
194312,0.82,asia
194401,1.31,asia
194402,1.03,asia
194403,1.77,asia
194404,0.09,asia
194405,0.39,asia
194406,0.07,asia
194407,0.19,asia
194408,-0.07,asia
194409,0.64,asia
194410,0.27,asia
194411,-0.67,asia
194412,-1.33,asia
194501,-0.99,asia
194502,-2.06,asia
194503,-1.16,asia
194504,0.84,asia
194505,0.28,asia
194506,0.27,asia
194507,-0.24,asia
194508,0.52,asia
194509,0.46,asia
194510,0.66,asia
194511,0.32,asia
194512,-0.98,asia
194601,0.55,asia
194602,1.16,asia
194603,-1.12,asia
194604,0.84,asia
194605,-0.2,asia
194606,-0.19,asia
194607,0.08,asia
194608,0.12,asia
194609,-0.35,asia
194610,0.11,asia
194611,0.12,asia
194612,-1.55,asia
194701,-1,asia
194702,-0.83,asia
194703,0.61,asia
194704,1.11,asia
194705,0.17,asia
194706,-0.15,asia
194707,-0.3,asia
194708,-0.17,asia
194709,0.23,asia
194710,0.78,asia
194711,0.37,asia
194712,-0.81,asia
194801,1.41,asia
194802,0.45,asia
194803,0.5,asia
194804,0.66,asia
194805,0.43,asia
194806,0.34,asia
194807,0.15,asia
194808,0.21,asia
194809,0.14,asia
194810,0.49,asia
194811,0.57,asia
194812,0,asia
194901,1.66,asia
194902,0.56,asia
194903,-0.46,asia
194904,0.28,asia
194905,0.4,asia
194906,-0.32,asia
194907,-0.41,asia
194908,0.02,asia
194909,-0.25,asia
194910,0.43,asia
194911,-1.18,asia
194912,-1.13,asia
195001,-0.67,asia
195002,-0.73,asia
195003,0.2,asia
195004,-0.24,asia
195005,0.21,asia
195006,-0.22,asia
195007,-0.44,asia
195008,-0.37,asia
195009,-0.16,asia
195010,0,asia
195011,-1.56,asia
195012,-0.75,asia
195101,-1.15,asia
195102,-2.45,asia
195103,-0.42,asia
195104,0.08,asia
195105,0.4,asia
195106,-0.14,asia
195107,0.01,asia
195108,0.23,asia
195109,0.69,asia
195110,1.03,asia
195111,0.29,asia
195112,2.74,asia
195201,0.62,asia
195202,-0.02,asia
195203,-0.86,asia
195204,-0.35,asia
195205,-0.15,asia
195206,-0.02,asia
195207,0.36,asia
195208,0.1,asia
195209,0.56,asia
195210,-0.74,asia
195211,-2.23,asia
195212,-1.44,asia
195301,0.09,asia
195302,0.32,asia
195303,1,asia
195304,0.65,asia
195305,0.55,asia
195306,0.53,asia
195307,0.51,asia
195308,0.28,asia
195309,0.26,asia
195310,0.16,asia
195311,-1.2,asia
195312,0.77,asia
195401,-0.69,asia
195402,-1.19,asia
195403,-0.76,asia
195404,0.16,asia
195405,-0.63,asia
195406,0.14,asia
195407,0.22,asia
195408,0.38,asia
195409,0.25,asia
195410,0.4,asia
195411,0.29,asia
195412,-1.11,asia
195501,1.1,asia
195502,-0.18,asia
195503,-1.23,asia
195504,-0.98,asia
195505,0.06,asia
195506,0.24,asia
195507,-0.23,asia
195508,0.24,asia
195509,0.01,asia
195510,0.26,asia
195511,0.28,asia
195512,-0.4,asia
195601,-0.79,asia
195602,-0.86,asia
195603,-0.39,asia
195604,-0.6,asia
195605,-0.38,asia
195606,-0.11,asia
195607,-0.12,asia
195608,-0.36,asia
195609,-0.41,asia
195610,-0.4,asia
195611,-0.4,asia
195612,-0.31,asia
195701,0,asia
195702,-1.28,asia
195703,-1.29,asia
195704,-0.68,asia
195705,-0.01,asia
195706,0.11,asia
195707,-0.34,asia
195708,-0.06,asia
195709,0.01,asia
195710,-0.37,asia
195711,-0.22,asia
195712,0.96,asia
195801,0.57,asia
195802,0.65,asia
195803,-0.49,asia
195804,-0.46,asia
195805,-0.57,asia
195806,-0.24,asia
195807,-0.08,asia
195808,-0.21,asia
195809,-0.57,asia
195810,-0.28,asia
195811,-0.13,asia
195812,0.2,asia
195901,0.53,asia
195902,0.42,asia
195903,1.43,asia
195904,0.32,asia
195905,-0.2,asia
195906,0.26,asia
195907,-0.2,asia
195908,0.31,asia
195909,0.49,asia
195910,-0.04,asia
195911,-0.55,asia
195912,-0.97,asia
196001,-0.25,asia
196002,1.15,asia
196003,-1.14,asia
196004,-0.52,asia
196005,-0.82,asia
196006,0.34,asia
196007,-0.08,asia
196008,-0.19,asia
196009,0.13,asia
196010,-0.76,asia
196011,-0.95,asia
196012,0.93,asia
196101,0.32,asia
196102,0.86,asia
196103,1.19,asia
196104,0.29,asia
196105,0.2,asia
196106,-0.06,asia
196107,0.15,asia
196108,-0.08,asia
196109,0.14,asia
196110,-0.66,asia
196111,0.29,asia
196112,0.28,asia
196201,1.3,asia
196202,1.83,asia
196203,0.98,asia
196204,0.58,asia
196205,0.5,asia
196206,-0.35,asia
196207,0.39,asia
196208,-0.15,asia
196209,-0.06,asia
196210,-0.25,asia
196211,-0.61,asia
196212,0.51,asia
196301,0.88,asia
196302,1.98,asia
196303,0.25,asia
196304,-0.77,asia
196305,-0.22,asia
196306,-0.34,asia
196307,0.09,asia
196308,0.08,asia
196309,0.12,asia
196310,0.63,asia
196311,1.1,asia
196312,0.29,asia
196401,-0.1,asia
196402,-1.04,asia
196403,-0.4,asia
196404,-0.89,asia
196405,-0.25,asia
196406,-0.16,asia
196407,-0.07,asia
196408,-0.04,asia
196409,-0.15,asia
196410,-0.69,asia
196411,-0.07,asia
196412,0.26,asia
196501,0.4,asia
196502,-0.61,asia
196503,0.44,asia
196504,-0.75,asia
196505,-0.1,asia
196506,-0.07,asia
196507,0.01,asia
196508,-0.3,asia
196509,0.05,asia
196510,0.35,asia
196511,-0.65,asia
196512,-0.28,asia
196601,0.16,asia
196602,-0.45,asia
196603,-0.04,asia
196604,-0.8,asia
196605,0.08,asia
196606,0.12,asia
196607,-0.02,asia
196608,0.43,asia
196609,0.27,asia
196610,-0.38,asia
196611,-0.26,asia
196612,-1.12,asia
196701,-0.62,asia
196702,-0.59,asia
196703,0.94,asia
196704,0.55,asia
196705,0.91,asia
196706,-0.04,asia
196707,0.25,asia
196708,-0.07,asia
196709,-0.43,asia
196710,1.22,asia
196711,0.25,asia
196712,0.32,asia
196801,-0.28,asia
196802,-0.23,asia
196803,2.14,asia
196804,0.15,asia
196805,0.23,asia
196806,-0.32,asia
196807,-0.21,asia
196808,-0.3,asia
196809,-0.56,asia
196810,-0.6,asia
196811,-1.09,asia
196812,-0.99,asia
196901,-2.79,asia
196902,-3.74,asia
196903,-0.57,asia
196904,-0.39,asia
196905,-0.57,asia
196906,-0.28,asia
196907,0.15,asia
196908,-0.38,asia
196909,-0.42,asia
196910,-0.15,asia
196911,0.64,asia
196912,0.4,asia
197001,-0.09,asia
197002,0.55,asia
197003,-0.55,asia
197004,0.3,asia
197005,0.03,asia
197006,-0.33,asia
197007,0.22,asia
197008,-0.27,asia
197009,0.21,asia
197010,-0.47,asia
197011,0.05,asia
197012,-0.11,asia
197101,0.86,asia
197102,-1.18,asia
197103,-0.36,asia
197104,-0.17,asia
197105,0.06,asia
197106,-0.2,asia
197107,0.02,asia
197108,-0.08,asia
197109,0.35,asia
197110,0.09,asia
197111,1.86,asia
197112,1.09,asia
197201,-1.62,asia
197202,-1.28,asia
197203,0.11,asia
197204,0.61,asia
197205,-0.26,asia
197206,0.07,asia
197207,-0.23,asia
197208,-0.24,asia
197209,-0.68,asia
197210,0.11,asia
197211,-0.51,asia
197212,0.52,asia
197301,-0.26,asia
197302,1.62,asia
197303,0.85,asia
197304,0.94,asia
197305,0.24,asia
197306,0.38,asia
197307,-0.01,asia
197308,0.11,asia
197309,-0.14,asia
197310,-0.34,asia
197311,0.82,asia
197312,0.95,asia
197401,-1.04,asia
197402,-1.6,asia
197403,0.49,asia
197404,0.6,asia
197405,0.13,asia
197406,-0.23,asia
197407,0.31,asia
197408,0.03,asia
197409,0.3,asia
197410,-0.31,asia
197411,-0.67,asia
197412,-0.77,asia
197501,1.48,asia
197502,0.47,asia
197503,1.63,asia
197504,1.13,asia
197505,0.32,asia
197506,0.39,asia
197507,0.09,asia
197508,-0.01,asia
197509,0.72,asia
197510,0.09,asia
197511,0.01,asia
197512,0.6,asia
197601,1.32,asia
197602,-0.52,asia
197603,-1.01,asia
197604,0.26,asia
197605,-0.1,asia
197606,-0.26,asia
197607,-0.55,asia
197608,-0.28,asia
197609,-0.03,asia
197610,-1.65,asia
197611,-1,asia
197612,-0.64,asia
197701,-2.01,asia
197702,-1.16,asia
197703,0.86,asia
197704,1.03,asia
197705,0.64,asia
197706,0.75,asia
197707,0.07,asia
197708,-0.2,asia
197709,0.13,asia
197710,-0.82,asia
197711,1.4,asia
197712,0.49,asia
197801,0.39,asia
197802,-0.28,asia
197803,0.8,asia
197804,0.57,asia
197805,-0.15,asia
197806,-0.09,asia
197807,-0.2,asia
197808,-0.47,asia
197809,0.12,asia
197810,0.35,asia
197811,1.63,asia
197812,-0.07,asia
197901,-0.58,asia
197902,0.54,asia
197903,-0.05,asia
197904,-0.82,asia
197905,0.28,asia
197906,0.14,asia
197907,-0.02,asia
197908,-0.3,asia
197909,0.09,asia
197910,0.09,asia
197911,-0.01,asia
197912,1.76,asia
198001,-0.28,asia
198002,0.13,asia
198003,-0.82,asia
198004,-0.09,asia
198005,0.28,asia
198006,0.18,asia
198007,0.17,asia
198008,-0.05,asia
198009,0.12,asia
198010,0.29,asia
198011,0.88,asia
198012,1.58,asia
198101,2.01,asia
198102,1.23,asia
198103,0.98,asia
198104,0.98,asia
198105,0.22,asia
198106,0.56,asia
198107,0.31,asia
198108,0.4,asia
198109,0.04,asia
198110,-0.07,asia
198111,0.11,asia
198112,1.48,asia
198201,0.27,asia
198202,0.73,asia
198203,-0.58,asia
198204,1.28,asia
198205,0.28,asia
198206,-0.1,asia
198207,0.07,asia
198208,-0.09,asia
198209,0.05,asia
198210,-0.29,asia
198211,-0.07,asia
198212,1.28,asia
198301,1.89,asia
198302,0.86,asia
198303,0.89,asia
198304,-0.16,asia
198305,0.13,asia
198306,-0.01,asia
198307,0.21,asia
198308,0.37,asia
198309,0.56,asia
198310,0.42,asia
198311,1.75,asia
198312,1.7,asia
198401,1.16,asia
198402,-1.07,asia
198403,0.69,asia
198404,-0.62,asia
198405,0.92,asia
198406,0.22,asia
198407,0.13,asia
198408,-0.2,asia
198409,-0.12,asia
198410,-0.24,asia
198411,-0.6,asia
198412,-1.63,asia
198501,-0.26,asia
198502,-0.44,asia
198503,-0.47,asia
198504,0.62,asia
198505,-0.02,asia
198506,0.16,asia
198507,-0.38,asia
198508,0.19,asia
198509,0.01,asia
198510,0.04,asia
198511,0.62,asia
198512,0.26,asia
198601,0.86,asia
198602,0.37,asia
198603,0.59,asia
198604,0.39,asia
198605,0.11,asia
198606,0.26,asia
198607,0.01,asia
198608,-0.09,asia
198609,-0.01,asia
198610,0.25,asia
198611,0.68,asia
198612,-0.25,asia
198701,-0.09,asia
198702,1.31,asia
198703,-0.31,asia
198704,-0.62,asia
198705,0.21,asia
198706,-0.26,asia
198707,0.15,asia
198708,0.36,asia
198709,0.08,asia
198710,-0.34,asia
198711,-1.31,asia
198712,0.54,asia
198801,1.26,asia
198802,-0.05,asia
198803,0.42,asia
198804,0.44,asia
198805,0.31,asia
198806,0.7,asia
198807,0.73,asia
198808,0.23,asia
198809,0.88,asia
198810,0.82,asia
198811,1.11,asia
198812,2.42,asia
198901,0.62,asia
198902,1.74,asia
198903,2.13,asia
198904,-0.04,asia
198905,0.62,asia
198906,0.17,asia
198907,0.24,asia
198908,0.04,asia
198909,0.1,asia
198910,0.63,asia
198911,0.43,asia
198912,1.88,asia
199001,-0.09,asia
199002,1.59,asia
199003,3.12,asia
199004,1.02,asia
199005,0.93,asia
199006,0.62,asia
199007,0.24,asia
199008,0.33,asia
199009,0.19,asia
199010,0.81,asia
199011,1.05,asia
199012,1.51,asia
199101,1.4,asia
199102,0.4,asia
199103,-0.18,asia
199104,1.17,asia
199105,0.59,asia
199106,0.77,asia
199107,0.72,asia
199108,0.27,asia
199109,0.57,asia
199110,0.96,asia
199111,1.3,asia
199112,0.41,asia
199201,1.52,asia
199202,1.32,asia
199203,0.43,asia
199204,-0.07,asia
199205,0.34,asia
199206,-0.4,asia
199207,-0.3,asia
199208,-0.33,asia
199209,-0.51,asia
199210,-0.51,asia
199211,-0.31,asia
199212,1.4,asia
199301,1.48,asia
199302,2.26,asia
199303,1.36,asia
199304,-0.01,asia
199305,-0.03,asia
199306,0.28,asia
199307,0.19,asia
199308,-0.14,asia
199309,-0.28,asia
199310,-0.01,asia
199311,-1.14,asia
199312,0.2,asia
199401,0.91,asia
199402,-0.27,asia
199403,0.75,asia
199404,0.66,asia
199405,0.68,asia
199406,0.78,asia
199407,0.19,asia
199408,0.23,asia
199409,0.31,asia
199410,1.1,asia
199411,1.23,asia
199412,0.24,asia
199501,1.8,asia
199502,3.37,asia
199503,1.48,asia
199504,1.32,asia
199505,0.58,asia
199506,0.75,asia
199507,0.34,asia
199508,0.75,asia
199509,0.56,asia
199510,1.21,asia
199511,1.97,asia
199512,0.95,asia
199601,0.25,asia
199602,1.03,asia
199603,0.63,asia
199604,-0.4,asia
199605,0.66,asia
199606,0.16,asia
199607,0.64,asia
199608,-0.24,asia
199609,-0.19,asia
199610,0.19,asia
199611,0.98,asia
199612,0.91,asia
199701,0.82,asia
199702,1.03,asia
199703,2.02,asia
199704,2.02,asia
199705,0.87,asia
199706,0.54,asia
199707,0.2,asia
199708,0.45,asia
199709,0.23,asia
199710,1.52,asia
199711,0.11,asia
199712,-0.15,asia
199801,0.3,asia
199802,1.34,asia
199803,1.09,asia
199804,0.71,asia
199805,0.47,asia
199806,1.09,asia
199807,1.18,asia
199808,1.21,asia
199809,0.48,asia
199810,0.5,asia
199811,-0.47,asia
199812,1.8,asia
199901,1.24,asia
199902,2.99,asia
199903,-1.02,asia
199904,0.93,asia
199905,0.74,asia
199906,0.43,asia
199907,0.94,asia
199908,0.4,asia
199909,0.5,asia
199910,1.02,asia
199911,0.49,asia
199912,2.24,asia
200001,0.41,asia
200002,1.58,asia
200003,1.41,asia
200004,2.29,asia
200005,1.15,asia
200006,1.01,asia
200007,0.84,asia
200008,0.83,asia
200009,0.45,asia
200010,-0.22,asia
200011,-0.74,asia
200012,0.26,asia
200101,-0.1,asia
200102,0.57,asia
200103,1.53,asia
200104,1.09,asia
200105,1.69,asia
200106,1.03,asia
200107,1.01,asia
200108,0.86,asia
200109,0.47,asia
200110,0.64,asia
200111,2.38,asia
200112,0.62,asia
200201,2.44,asia
200202,3.31,asia
200203,3.42,asia
200204,0.78,asia
200205,0.77,asia
200206,0.92,asia
200207,1.04,asia
200208,0.69,asia
200209,0.52,asia
200210,0.54,asia
200211,1.02,asia
200212,-1.2,asia
200301,1.49,asia
200302,1.5,asia
200303,1.31,asia
200304,0.87,asia
200305,0.88,asia
200306,0.48,asia
200307,0.51,asia
200308,0.95,asia
200309,1.06,asia
200310,1.32,asia
200311,0.41,asia
200312,2.28,asia
200401,1.73,asia
200402,1.99,asia
200403,1.76,asia
200404,0.78,asia
200405,0.91,asia
200406,0.61,asia
200407,0.46,asia
200408,0.32,asia
200409,0.84,asia
200410,0.45,asia
200411,2.36,asia
200412,0.37,asia
200501,1.7,asia
200502,-0.39,asia
200503,1.5,asia
200504,1.38,asia
200505,1.22,asia
200506,1.28,asia
200507,1.11,asia
200508,0.64,asia
200509,1.57,asia
200510,1.64,asia
200511,2.41,asia
200512,1.01,asia
200601,-0.9,asia
200602,1.71,asia
200603,1.61,asia
200604,-0.04,asia
200605,0.94,asia
200606,1.37,asia
200607,0.55,asia
200608,0.83,asia
200609,1.06,asia
200610,1.18,asia
200611,1.65,asia
200612,2.14,asia
200701,3.59,asia
200702,1.54,asia
200703,1.73,asia
200704,2.45,asia
200705,1.52,asia
200706,0.87,asia
200707,0.94,asia
200708,1.37,asia
200709,1.35,asia
200710,1.28,asia
200711,1.83,asia
200712,2.09,asia
200801,-0.3,asia
200802,1.02,asia
200803,4.03,asia
200804,1.3,asia
200805,1.27,asia
200806,1,asia
200807,0.93,asia
200808,0.85,asia
200809,0.67,asia
200810,2.03,asia
200811,2.13,asia
200812,1.71,asia
200901,1.63,asia
200902,1.09,asia
200903,1.74,asia
200904,1.6,asia
200905,0.96,asia
200906,0.84,asia
200907,0.6,asia
200908,0.65,asia
200909,1.29,asia
200910,1.49,asia
200911,0.35,asia
200912,-0.05,asia
201001,0.44,asia
201002,-0.18,asia
201003,1.21,asia
201004,0.83,asia
201005,1.69,asia
201006,1.51,asia
201007,1.53,asia
201008,1.22,asia
201009,0.9,asia
201010,1.42,asia
201011,2.67,asia
201012,0.35,asia
201101,0.09,asia
201102,0.6,asia
201103,1.69,asia
201104,2.26,asia
201105,1.39,asia
201106,1.45,asia
201107,1,asia
201108,0.92,asia
201109,0.78,asia
201110,1.89,asia
201111,0.9,asia
201112,1.35,asia
201201,0.29,asia
201202,-0.12,asia
201203,0.54,asia
201204,2.34,asia
201205,1.95,asia
201206,1.85,asia
201207,1.4,asia
201208,0.82,asia
201209,1.16,asia
201210,1.18,asia
201211,1.18,asia
201212,-0.67,asia
201301,0.64,asia
201302,1.29,asia
201303,1.18,asia
201304,1.48,asia
201305,1.62,asia
201306,1.09,asia
201307,0.83,asia
201308,0.95,asia
201309,0.54,asia
201310,0.87,asia
201311,2.95,asia
201312,2.63,asia
201401,0.63,asia
201402,-0.01,asia
201403,3,asia
201404,2.34,asia
201405,1.39,asia
201406,1.12,asia
201407,0.52,asia
201408,1.1,asia
201409,0.55,asia
201410,0.42,asia
201411,0.81,asia
201412,1.63,asia
201501,2.36,asia
201502,3.25,asia
201503,2.56,asia
201504,1.61,asia
201505,1.65,asia
201506,1.45,asia
201507,0.92,asia
201508,0.91,asia
201509,1.11,asia
201510,1.18,asia
201511,1.47,asia
201512,2.85,asia
201601,1.68,asia
201602,3.35,asia
201603,3.6,asia
201604,2.69,asia
201605,1.33,asia
201606,1.46,asia
201607,1.34,asia
201608,1.59,asia
201609,1.86,asia
201610,0.32,asia
201611,-0.06,asia
201612,1.78,asia
201701,2.24,asia
201702,2.33,asia
201703,3.33,asia
201704,2.15,asia
201705,1.26,asia
201706,1.25,asia
201707,1.16,asia
201708,1.31,asia
201709,1.11,asia
201710,0.99,asia
201711,1.89,asia
201712,2.37,asia
201801,1.3,asia
201802,1.82,asia
201803,2.14,asia
201804,1.85,asia
201805,1.05,asia
201806,1.53,asia
201807,1.16,asia
201808,1.24,asia
201809,1.27,asia
201810,2.11,asia
201811,1.13,asia
201812,0.97,asia
201901,2.33,asia
201902,2.05,asia
201903,3.21,asia
201904,2.17,asia
201905,1.32,asia
201906,1.54,asia
201907,1.05,asia
201908,1.21,asia
201909,1.39,asia
201910,1.93,asia
201911,1.21,asia
201912,2.2,asia
202001,3.51,asia
202002,4.16,asia
202003,3.67,asia
202004,2.55,asia
202005,2.31,asia
202006,1.41,asia
202007,1.42,asia
202008,1.16,asia
202009,1.78,asia
202010,1.51,asia
202011,2.72,asia
202012,0.64,asia
202101,0.44,asia
202102,1.79,asia
202103,2.37,asia
202104,1.82,asia
202105,2.16,asia
202106,1.7,asia
202107,1.66,asia
202108,1.61,asia
202109,1.19,asia
202110,1.43,asia
202111,2.02,asia
202112,1.62,asia
202201,2.66,asia
202202,2.47,asia
202203,2.76,asia
202204,2.68,asia
202205,1.74,asia
202206,1.88,asia
202207,1.47,asia
202208,1.36,asia
202209,1.26,asia
202210,1.8,asia
202211,1.6,asia
202212,1.19,asia
202301,0.93,asia
202302,3.07,asia
202303,3.9,asia
202304,1.25,asia
202305,1.24,asia
202306,1.55,asia
202307,1.67,asia
202308,1.95,asia
202309,1.93,asia
202310,2.69,asia
202311,3.14,asia
202312,1.79,asia
202401,2.42,asia
202402,1.69,asia
202403,2.55,asia
202404,2.73,asia
202405,1.61,asia
202406,2.08,asia
202407,1.85,asia
202408,1.73,asia
202409,1.72,asia
202410,1.92,asia
202411,3.39,asia
202412,2.75,asia
202501,3.35,asia
202502,2.52,asia
202503,2.9,asia
202504,3.26,asia
202505,2.04,asia
202506,1.63,asia
202507,1.62,asia
202508,1.58,asia
202509,1.78,asia
202510,1.18,asia
202511,2.23,asia
